{
	"format_version": "1.8.0",
	"animations": {
		"animation.shotty.fpp": {
			"loop": "hold_on_last_frame",
			"bones": {
				"shottie": {
					"rotation": [-20, 60, -60],
					"position": [-4, 4, 4],
					"scale": 1.5
				},
				"flash": {
					"position": [0, 1.5, 0],
					"scale": 0.25
				},
				"smoke": {
					"position": [0, 0, 0],
					"scale": 0.15
				}
			}
		},
		"animation.shotty.tpp": {
			"loop": "hold_on_last_frame",
			"bones": {
				"shottie": {
					"position": [0, 0, 1],
					"scale": 1.3
				},
				"flash": {
					"position": [0, 1.5, 0],
					"scale": 0.1
				},
				"smoke": {
					"position": [0, 0.2, 0],
					"scale": 0.08
				}
			}
		},
		"animation.shotty.shoot": {
			"animation_length": 0.4583,
			"bones": {
				"shottie": {
					"rotation": {
						"0.0": [0, 0, 0],
						"0.0417": {
							"pre": [0, 0, 0],
							"post": [-17.5, 0, 0]
						},
						"0.4167": [0, 0, 0]
					}
				},
				"flash": {
					"position": {
						"0.0": [0, -2.7, 0],
						"0.0417": {
							"pre": [0, -2.7, 0],
							"post": [0, -2.9, 0]
						},
						"0.1667": [0, 0.1, 0]
					},
					"scale": {
						"0.0": {
							"pre": [0, 0, 0],
							"post": [7, 7, 7]
						},
						"0.0417": {
							"pre": [7, 7, 7],
							"post": [10, 10, 10]
						},
						"0.0833": [9.58486, 9.58486, 9.58486],
						"0.125": [8.68981, 8.68981, 8.68981],
						"0.1667": [7.56004, 7.56004, 7.56004],
						"0.2083": [6.30715, 6.30715, 6.30715],
						"0.2917": [3.69285, 3.69285, 3.69285],
						"0.3333": [2.43996, 2.43996, 2.43996],
						"0.375": [1.31019, 1.31019, 1.31019],
						"0.4167": [0.41514, 0.41514, 0.41514],
						"0.4583": [0, 0, 0]
					}
				},
				"smoke": {
					"position": {
						"0.0": [0, -0.4, -0.5],
						"0.0833": {
							"pre": [0, -0.4, -0.5],
							"post": [0, -0.4, -1.89]
						},
						"0.2083": {
							"pre": [0, -0.4, -1.89],
							"post": [0, -0.4, -5.5]
						},
						"0.375": {
							"pre": [0, -0.4, -5.5],
							"post": [0, -0.4, -0.5]
						}
					},
					"scale": {
						"0.0": [0, 0, 0],
						"0.0833": {
							"pre": [0, 0, 0],
							"post": [1.5, 1.5, 1.5]
						},
						"0.2083": {
							"pre": [1.5, 1.5, 1.5],
							"post": [4, 4, 4]
						},
						"0.375": {
							"pre": [4, 4, 4],
							"post": [0, 0, 0]
						}
					}
				}
			}
		},
		"animation.shotty.fpp_e": {
			"loop": true,
			"bones": {
				"shottie": {
					"rotation": [-20, 60, -60],
					"position": [-3, 3, 3],
					"scale": 1.3
				},
				"barrel2": {
					"rotation": [50, 0, 0]
				},
				"flash": {
					"scale": 0
				},
				"smoke": {
					"scale": 0
				}
			}
		},
		"animation.shotty.tpp_e": {
			"loop": "hold_on_last_frame",
			"bones": {
				"shottie": {
					"rotation": [-67.5, 0, 0],
					"scale": 1.3
				},
				"barrel2": {
					"rotation": [50, 0, 0]
				},
				"flash": {
					"scale": 0
				},
				"smoke": {
					"scale": 0
				}
			}
		},
		"animation.shotty.reload": {
			"loop": "hold_on_last_frame",
			"animation_length": 1.25,
			"bones": {
				"shottie": {
					"rotation": {
						"0.25": [0, 0, 0],
						"0.5": [100, 0, 0],
						"0.75": [-50, 0, 0],
						"1.0": [0, 0, 0]
					},
					"scale": 1.1
				},
				"barrel2": {
					"rotation": {
						"0.75": {
							"pre": [0, 0, 0],
							"post": [-25, 0, 0]
						},
						"1.0": [-50, 0, 0]
					}
				},
				"shell": {
					"rotation": {
						"0.0": [-20, 0, 0],
						"0.25": [0, 0, 0]
					},
					"position": {
						"0.0": [0, 13.17, 0],
						"0.5": [0, 0, 0]
					}
				}
			}
		}
	}
}